,Date,Title,Views,Likes,Comments,Month,Month_Number
0,2023-01-17 12:30:08+00:00,Reviewing Maven Analytics Free Portfolio Website,10057,393,37,January,1
1,2023-01-16 17:25:08+00:00,5 Study Hacks for Beginner Data Analysts! | Live Webinar,11832,587,18,January,1
2,2023-01-10 12:30:03+00:00,DIY Data Analyst Curriculum using Coursera in 2023,26244,1588,184,January,1
3,2023-01-03 12:30:12+00:00,Building a BMI Calculator with Python | Python Projects for Beginners,5602,179,27,January,1
4,2022-12-27 13:00:00+00:00,"Reading, Writing, and Appending Files in Python | Python for Beginners",3653,144,10,December,12
5,2022-12-20 12:00:33+00:00,Why I Quit my 125k Analytics Job,104507,5944,753,December,12
6,2022-12-17 14:16:05+00:00,Data Analyst Q/A Livestream + Special Guest! | December Livestream,4316,158,16,December,12
7,2022-12-13 12:00:06+00:00,Converting Data Types in Python | Python for Beginners,3225,115,17,December,12
8,2022-12-06 12:00:36+00:00,Functions in Python | Python for Beginners,3864,153,22,December,12
9,2022-11-29 12:00:07+00:00,While Loops in Python | Python for Beginners,2938,114,13,November,11
10,2022-11-22 12:00:48+00:00,For Loops in Python | Python for Beginners,3671,125,18,November,11
11,2022-11-16 02:06:22+00:00,Data Analyst Q/A Livestream | November Livestream,4964,185,18,November,11
12,2022-11-15 12:00:00+00:00,If Else Statements in Python | Python for Beginners,3144,128,19,November,11
13,2022-11-08 12:00:35+00:00,"Comparison, Logical, and Membership Operators in Python | Python for Beginners",3160,121,11,November,11
14,2022-11-01 11:00:37+00:00,Data Types in Python | Python for Beginners,6708,258,31,November,11
15,2022-10-31 01:22:29+00:00,Data Analyst Q/A Livestream | October Livestream,5206,176,17,October,10
16,2022-10-25 11:00:27+00:00,Variables in Python | Python for Beginners,7064,282,23,October,10
17,2022-10-19 10:56:23+00:00,300k Livestream! | Giveaways for People in Chat | Bring Your Wine,5171,247,23,October,10
18,2022-10-18 11:00:30+00:00,Installing Jupyter Notebooks/Anaconda | Python for Beginners,14868,586,46,October,10
19,2022-10-13 11:00:07+00:00,Interviewing Tina Huang | Fellow YouTuber and Data Enthusiast,7530,278,19,October,10
20,2022-10-11 11:00:42+00:00,Interviewing Luke Barousse | Arch-Nemesis and Fellow YouTuber,5982,288,31,October,10
21,2022-10-04 10:30:09+00:00,When Best Friends Work Together (ft. Luke Barousse),12946,602,79,October,10
22,2022-10-01 01:48:31+00:00,Data Analyst Live Stream | Riding out Hurricane Ian,6313,206,14,October,10
23,2022-09-27 10:30:19+00:00,Full Power BI Guided Project | Microsoft Power BI for Beginners,39988,1070,119,September,9
24,2022-09-20 10:30:00+00:00,Popular Visualizations in Power BI | Microsoft Power BI for Beginners,11071,377,23,September,9
25,2022-09-13 10:30:00+00:00,"Guided Portfolio Projects on Coursera | Python, SQL, Excel, Power BI, and Tableau",35542,1572,123,September,9
26,2022-09-06 10:30:02+00:00,How to use Bins and Lists in Power BI | Microsoft Power BI for Beginners,8240,290,21,September,9
27,2022-08-30 10:30:10+00:00,How to use Conditional Formatting in Power BI | Microsoft Power BI for Beginners,9448,290,26,August,8
28,2022-08-24 16:15:29+00:00,Top 8 Mistakes Beginner Data Analyst's Make | CareerFoundry Webinar,50111,1535,70,August,8
29,2022-08-23 10:30:19+00:00,Interviewing Ken Jee | The Face of Data Science on YouTube,6284,234,15,August,8
30,2022-08-16 10:30:00+00:00,CareerFoundry Data Analytics Bootcamp Review | Bootcamp + Intro + Free Course Review,13851,409,87,August,8
31,2022-08-09 10:30:11+00:00,How to use Drill Down in Power BI | Microsoft Power BI for Beginners,12318,394,25,August,8
32,2022-08-02 10:30:05+00:00,"Best Courses for Alternative Analyst Jobs | Marketing Analyst, Business Analyst, Financial Analyst",15069,710,94,August,8
33,2022-07-26 13:19:48+00:00,250k Subscriber Live Stream!!,4133,159,11,July,7
34,2022-07-26 10:30:12+00:00,How to use DAX in Power BI | Microsoft Power BI for Beginners,15006,528,32,July,7
35,2022-07-19 10:30:06+00:00,Tech Layoffs and Hiring Freezes | The Great Resignation | Alex The Analyst Show | Episode 23,20809,600,126,July,7
36,2022-07-12 10:30:22+00:00,How to Create and Manage Relationships in Power BI | Microsoft Power BI for Beginners,17226,513,31,July,7
37,2022-07-05 10:30:01+00:00,Machine Learning Specialization on Coursera | Review,13111,503,64,July,7
38,2022-06-28 10:30:07+00:00,Meta Marketing Analytics Professional Certificate on Coursera | Review,21685,642,97,June,6
39,2022-06-21 10:30:09+00:00,Google's Secret Hiring Platform | Found in the Google Data Analytics Certification,41270,1565,138,June,6
40,2022-06-14 10:30:08+00:00,How to use Power Query in Power BI | Microsoft Power BI for Beginners,23866,681,36,June,6
41,2022-06-07 10:30:10+00:00,Automating Crypto Website API Pull Using Python | Data Analyst Project,17053,438,61,June,6
42,2022-05-31 10:30:01+00:00,How to use a Public API | Using a Public API with Python,12644,572,52,May,5
43,2022-05-24 10:30:06+00:00,How to Install Power BI | Building First Visualization | Microsoft Power BI for Beginners,48220,1382,120,May,5
44,2022-05-17 10:30:06+00:00,MySQL vs Postgresql vs Microsoft SQL Server Management Tools | Which Option is Best?,67944,1548,211,May,5
45,2022-05-10 10:30:05+00:00,Top 3 Tips to Stop Procrastinating to be Successful,30759,1599,150,May,5
46,2022-05-03 10:30:03+00:00,SQL vs NoSQL | What's the Difference?,36112,1186,61,May,5
47,2022-04-26 10:30:00+00:00,Database vs Data Warehouse vs Data Lake | What is the Difference?,225450,7358,163,April,4
48,2022-04-20 10:30:09+00:00,How I Manage My Time Working 60+ Hours Per Week | Alex The Analyst Show | Episode 22,11104,316,161,April,4
49,2022-04-14 13:29:42+00:00,200k Livestream! | Shaving | Puppies | Giveaway,3145,134,11,April,4
50,2022-04-12 10:30:00+00:00,Things I HATE About Being a Data Analyst,28751,1256,186,April,4
51,2022-04-05 10:30:07+00:00,Best Website to Practice Technical Interview Questions,14861,602,54,April,4
52,2022-03-29 10:30:17+00:00,Pros and Cons of Working Remote | Alex The Analyst Show | Episode 21,6420,258,155,March,3
53,2022-03-22 10:30:15+00:00,Full Project in Excel | Excel Tutorials for Beginners,160172,4521,399,March,3
54,2022-03-15 10:30:18+00:00,Top 5 Non-Technical Skills for Data Analysts,19297,752,76,March,3
55,2022-03-01 11:30:14+00:00,Cleaning Data in Excel | Excel Tutorials for Beginners,118997,3216,155,March,3
56,2022-02-22 11:30:01+00:00,Tableau Data Analyst Certification Review,36773,1051,102,February,2
57,2022-02-15 11:30:07+00:00,Job Title Alternatives for Data Analysts,24460,972,96,February,2
58,2022-02-08 11:30:01+00:00,Best Coursera Courses for Data Analysts in 2022,78406,4422,191,February,2
59,2022-02-01 11:30:10+00:00,Understanding Your Data Analyst Salary Offer | What To Know Before Accepting,18936,687,61,February,2
60,2022-01-25 11:30:18+00:00,Charts in Excel | Excel Tutorials for Beginners,23204,733,33,January,1
61,2022-01-18 11:30:02+00:00,How I became a Data Analytics Manager | Alex The Analyst Show | Episode 20,21327,825,348,January,1
62,2022-01-11 11:30:08+00:00,Conditional Formatting in Excel | Excel Tutorials for Beginners,30817,884,61,January,1
63,2022-01-10 14:59:31+00:00,150k Subscriber Livestream!!,3447,161,7,January,1
64,2022-01-04 11:30:11+00:00,How To Become A Data Analyst In 2022,475337,21722,635,January,1
65,2021-12-28 11:30:06+00:00,XLOOKUP in Excel | Excel Tutorials for Beginners,36030,1047,55,December,12
66,2021-12-21 11:30:07+00:00,Formulas in Excel | Excel Tutorials for Beginners,62103,1877,136,December,12
67,2021-12-14 11:30:07+00:00,Pivot Tables in Excel | Excel Tutorials for Beginners,152433,3281,123,December,12
68,2021-12-07 11:30:11+00:00,Full Beginner Project in Tableau | Tableau Tutorials for Beginners,74208,1736,186,December,12
69,2021-11-23 11:30:02+00:00,How to use Joins in Tableau | Tableau Tutorials for Beginners,34527,1125,36,November,11
70,2021-11-18 11:30:08+00:00,Top 5 Major Red Flags in Job Descriptions,15860,859,71,November,11
71,2021-11-08 11:30:01+00:00,Truth About My Job (Song) - As a Data Analyst,9296,833,102,November,11
72,2021-10-26 10:00:23+00:00,How to Grow Your Analytics Career | Alteryx Webinar Oct 2021 | Tips to Break Into Analytics,10729,333,35,October,10
73,2021-10-19 10:00:16+00:00,Choosing a Domain to Make More Money,15820,812,79,October,10
74,2021-10-05 11:30:14+00:00,How to Create Visualizations in Tableau | Tableau Tutorials for Beginners,49910,1340,93,October,10
75,2021-09-28 11:30:07+00:00,How to use Calculated Fields and Bins in Tableau | Tableau Tutorials for Beginners,59051,1632,50,September,9
76,2021-09-21 11:30:01+00:00,How to Install Tableau and Create First Visualization | Tableau Tutorials for Beginners,215262,6014,212,September,9
77,2021-09-07 11:30:01+00:00,How NOT to Become a Data Analyst (Funny?),16684,708,114,September,9
78,2021-08-31 11:30:04+00:00,100k Subscriber Play Button Unboxing,2582,240,96,August,8
79,2021-08-24 11:30:01+00:00,Amazon Web Scraping Using Python | Data Analyst Portfolio Project,108920,3040,344,August,8
80,2021-08-17 11:30:01+00:00,Interviewing with PwC for a Senior Data Analyst Position,71609,1981,151,August,8
81,2021-08-13 14:38:59+00:00,100k Livestream | Announcing Giveaway Winners | Trimming Mustache | Answering Questions,4703,189,26,August,8
82,2021-08-11 11:30:05+00:00,I Am No Longer a Data Analyst | Turning Down PwC | New Job,137509,4336,501,August,8
83,2021-07-21 11:30:04+00:00,When To Start Applying To Your First Data Analyst Job,43536,2721,203,July,7
84,2021-07-13 11:30:00+00:00,Why You Need to Stop Taking Courses (From an Ex-Course Addict),127483,5557,361,July,7
85,2021-06-29 11:30:13+00:00,How to Create a Portfolio Website for FREE,162243,4915,372,June,6
86,2021-06-22 11:30:05+00:00,Data Analyst Portfolio Project | Correlation in Python | Project 4/4,93408,1965,325,June,6
87,2021-06-08 11:30:12+00:00,How To Get a Data Analyst Job (with No Experience),373409,16911,568,June,6
88,2021-06-03 11:30:01+00:00,My Wife Answers Subscribers Questions About Me | Alex The Analyst Show | Episode 19,5960,235,107,June,6
89,2021-06-01 11:30:03+00:00,Favorite Tableau and Power BI Courses on Udemy,24756,766,88,June,6
90,2021-05-25 11:30:01+00:00,Data Analyst Portfolio Project | Data Cleaning in SQL | Project 3/4,161802,3915,450,May,5
91,2021-05-18 11:30:04+00:00,Data Analyst Portfolio Project | Tableau Visualization | Project 2/4,227375,3953,337,May,5
92,2021-05-11 11:00:08+00:00,Asking My Family What I Do For a Living,3602,193,56,May,5
93,2021-05-04 11:00:31+00:00,Data Analyst Portfolio Project | SQL Data Exploration | Project 1/4,952355,19793,2081,May,5
94,2021-04-20 11:00:32+00:00,Advanced SQL Tutorial | Subqueries,136764,3466,127,April,4
95,2021-04-15 11:00:06+00:00,Data Analyst Q/A #6 | Why Am I Not a Data Scientist?,21120,797,150,April,4
96,2021-04-13 11:00:04+00:00,Google vs IBM Data Analytics Certificates | Which is Better?,240534,9167,548,April,4
97,2021-04-06 11:00:12+00:00,Data Analyst Reacts: How to Go From Data Analyst to Data Scientist,20735,774,85,April,4
98,2021-03-30 11:00:18+00:00,Laptops for Data Analysts |  Specifications + Recommendations,120691,2968,267,March,3
99,2021-03-23 11:00:02+00:00,Best Machine Learning Courses on Coursera,32405,1133,80,March,3
100,2021-03-18 11:00:08+00:00,Will Data Analysts Be Automated? | Alex The Analyst | Episode 18,14672,445,110,March,3
101,2021-03-16 11:00:07+00:00,Advanced SQL Tutorial | Stored Procedures + Use Cases,138289,2947,86,March,3
102,2021-03-12 12:00:17+00:00,Google Data Analytics Professional Certificate | It's Finally Here!,325101,10484,1160,March,3
103,2021-03-04 12:15:01+00:00,Google Data Analytics Certificate | Coming Out Soon!,51330,2391,328,March,3
104,2021-03-02 12:00:08+00:00,Reviewing Your Data Analyst Resumes | Part 2,17857,476,74,March,3
105,2021-02-25 12:00:13+00:00,Best Course to Learn Statistics for Data Analysis,53639,1745,82,February,2
106,2021-02-23 12:00:19+00:00,DataQuest Review | Is it Worth it?,16912,330,42,February,2
107,2021-02-16 12:00:00+00:00,R vs Python | Which is Better for Data Analysis?,164187,3915,350,February,2
108,2021-02-04 12:00:04+00:00,Advanced SQL Tutorial | String Functions + Use Cases,49929,1367,72,February,2
109,2021-02-02 12:00:13+00:00,Advanced SQL Tutorial | Temp Tables,85838,2046,82,February,2
110,2021-01-30 15:33:41+00:00,IBM Data Analyst Certificate Study Session,4992,173,22,January,1
111,2021-01-26 12:00:22+00:00,IBM Data Analyst Professional Certificate by Coursera | Is it Worth it?,83384,2401,278,January,1
112,2021-01-21 12:00:03+00:00,DataCamp Review | Is it Worth it?,115879,2733,243,January,1
113,2021-01-19 12:00:09+00:00,Best Python Course for Data Analysts,37373,1147,106,January,1
114,2021-01-12 12:00:07+00:00,Top 5 Data Analyst Skills,18965,1032,165,January,1
115,2021-01-07 12:00:28+00:00,Best Industries for Data Analysts in 2021 | Alex The Analyst Show | Episode 17,12923,436,143,January,1
116,2021-01-05 12:00:10+00:00,Top 5 Data Analyst Interview Mistakes,25416,877,55,January,1
117,2020-12-31 12:00:01+00:00,2020 Year End Review + Upcoming Giveaway Details,1522,141,101,December,12
118,2020-12-24 12:00:19+00:00,Data Analyst Resume | Everything You Need to Know | Alex The Analyst Show | Episode 16,34245,1037,130,December,12
119,2020-12-22 12:00:04+00:00,Solving Medium Level SQL LeetCode Questions | Part 2/3,9085,210,29,December,12
120,2020-12-17 12:00:12+00:00,Entry vs Mid vs Senior Level Data Analyst | Alex The Analyst Show | Episode 15,37196,1302,193,December,12
121,2020-12-15 12:00:08+00:00,Data Engineer vs Data Analyst | Which Is Right For You?,52452,1901,121,December,12
122,2020-12-10 12:00:30+00:00,How to Find Out Your Coworkers Salary | Alex The Analyst Show | Episode 14,2333,90,53,December,12
123,2020-12-08 12:00:05+00:00,Advanced SQL Tutorial | CTE (Common Table Expression),123833,2098,112,December,12
124,2020-12-03 12:00:00+00:00,"Data Analyst Salary (Expectations, Bonuses, 401K, ESPP) | Alex The Analyst Show | Episode 13",20413,672,187,December,12
125,2020-12-01 12:04:43+00:00,Intermediate SQL Tutorial | Partition By,86211,2512,133,December,12
126,2020-11-28 17:07:30+00:00,Data Analyst Q/A LIVE #5 | AMA,4549,126,18,November,11
127,2020-11-25 11:00:05+00:00,Completely REALISTIC Jobs on LinkedIn | Alex The Analyst Show | Episode 12,20897,782,152,November,11
128,2020-11-19 15:00:26+00:00,Completely Unrealistic Jobs on LinkedIn | Alex The Analyst Show | Episode 11,12852,506,196,November,11
129,2020-11-17 14:11:52+00:00,Top 3 Tips on Using LinkedIn to Land a Job,119077,5338,163,November,11
130,2020-11-12 12:34:08+00:00,What is No Code Analytics? | Alex The Analyst Show | Episode 10,3457,115,77,November,11
131,2020-11-10 15:02:50+00:00,Solving LeetCode SQL Interview Questions | Part 1/3,20931,569,63,November,11
132,2020-11-05 15:43:17+00:00,What is Analytics Consulting? With John Ariansen | Alex The Analyst Show | Episode 9,10330,312,106,November,11
133,2020-11-03 15:13:12+00:00,Data Analyst Skills Path | What Skills You NEED to Know,66239,3293,281,November,11
134,2020-10-30 15:13:53+00:00,Data Analyst Q&A LIVE #4,3331,103,25,October,10
135,2020-10-27 16:06:53+00:00,Asking My Wife Your Questions About Me | Alex The Analyst Show | Episode 8,11993,508,209,October,10
136,2020-10-22 15:14:21+00:00,Top 10 Udemy Courses for Data Analysts,114322,3799,272,October,10
137,2020-10-20 14:08:32+00:00,Data Analyst Certifications | Are They Worth It? | Alex The Analyst Show | Episode 7,160630,5755,961,October,10
138,2020-10-15 15:33:32+00:00,Working at a Startup vs Fortune 500 Company | Alex The Analyst Show | Episode 6,4017,166,68,October,10
139,2020-10-13 14:40:18+00:00,Top 10 Coursera Courses for Data Analysts,92753,4290,274,October,10
140,2020-10-08 14:26:27+00:00,Imposter Syndrome in Tech | Alex The Analyst Show | Episode 5,6622,337,176,October,10
141,2020-10-06 14:52:33+00:00,Data Analyst Expectations vs Reality,74060,2776,191,October,10
142,2020-10-01 13:53:17+00:00,Covid and the Data Analyst Job Market | Alex The Analyst Show | Episode 4,6877,252,161,October,10
143,2020-09-24 15:29:17+00:00,Self Taught vs Boot Camp vs Degree | Alex The Analyst Show | Episode 3,39138,1336,662,September,9
144,2020-09-22 13:03:29+00:00,Top 5 Reasons You'll Be a Good Data Analyst,13591,582,82,September,9
145,2020-09-10 13:16:00+00:00,How I Changed Careers to Become a Data Analyst | Alex The Analyst Show | Episode 2,392834,11571,3693,September,9
146,2020-09-08 14:15:55+00:00,Top 5 Reasons Data Analytics is a Good Career Choice,40625,1271,69,September,9
147,2020-09-03 15:38:28+00:00,The Hiring Process from an Interviewer's Perspective | Alex The Analyst Show | Episode 1,16841,588,82,September,9
148,2020-09-01 12:29:45+00:00,Top 5 Reasons Not to Lie on Your Resume,10281,189,115,September,9
149,2020-08-29 14:37:52+00:00,Live Data Analyst Q&A #3,2611,95,43,August,8
150,2020-08-20 13:46:16+00:00,Data Analyst Career Path | How to Become a Data Analyst + What to Do Next,123683,4529,273,August,8
151,2020-08-12 14:52:19+00:00,Top 5 Reasons Not to Become a Data Analyst,831972,18064,1027,August,8
152,2020-08-05 13:14:01+00:00,Data Analyst Bootcamps | Are They Worth It?,26603,485,101,August,8
153,2020-07-29 13:48:00+00:00,What Does a Data Analyst Actually Do?,635731,13469,400,July,7
154,2020-07-22 14:35:55+00:00,Data Analyst Question and Answer | Answering Your YouTube Questions,3795,157,67,July,7
155,2020-07-15 14:00:20+00:00,Scraping Data Off Twitter Using Python | Twitterscraper + NLP + Data Visualization,48096,1265,163,July,7
156,2020-07-03 14:17:52+00:00,Data Analyst vs Business Analyst | Which Is Right For You?,667086,17333,562,July,7
157,2020-06-23 13:55:50+00:00,Best Free Online Courses for Data Analysts,52281,2633,94,June,6
158,2020-06-17 14:57:22+00:00,Best Online Courses for Data Analysts,165067,8744,405,June,6
159,2020-06-10 15:49:15+00:00,Data Scientist vs Data Analyst | Which Is Right For You?,666692,21206,800,June,6
160,2020-06-04 14:00:10+00:00,Intermediate SQL Tutorial | Aliasing,36283,1189,49,June,6
161,2020-05-31 13:54:38+00:00,Data Analyst Q&A LIVE,8217,224,53,May,5
162,2020-05-27 15:13:50+00:00,Data Analyst Interviews | Salary Negotiation,19092,615,27,May,5
163,2020-05-20 14:03:02+00:00,Data Analyst Interview Questions | What To Say vs What NOT To Say,46319,1170,31,May,5
164,2020-05-13 15:00:26+00:00,SQL Interview Questions and Answers for Beginners | Data Analyst Interview Questions,87087,2407,92,May,5
165,2020-05-06 15:20:18+00:00,Data Analyst Interview Questions | Phone + In-Person Interview Questions,64627,1354,65,May,5
166,2020-04-23 13:08:33+00:00,Day in the Life of a Data Analyst | Fortune 500 Edition (During Quarantine),14353,497,48,April,4
167,2020-04-16 12:58:52+00:00,Intermediate SQL Tutorial | Updating/Deleting Data,35074,1006,68,April,4
168,2020-04-09 16:01:02+00:00,Intermediate SQL Tutorial | Having Clause,43153,1412,34,April,4
169,2020-04-02 15:16:37+00:00,Intermediate SQL Tutorial | Case Statement | Use Cases,99129,2780,210,April,4
170,2020-03-26 16:51:37+00:00,Intermediate SQL Tutorial | Unions | Union Operator,74446,1753,66,March,3
171,2020-03-19 15:40:58+00:00,Intermediate SQL Tutorial | Inner/Outer Joins | Use Cases,150352,2989,184,March,3
172,2020-03-11 13:44:54+00:00,Day in the Life of a Data Analyst | Fortune 500 Edition,121073,2475,265,March,3
173,2020-03-03 15:06:36+00:00,SQL Basics Tutorial For Beginners | Group By + Order By Statements | 4/4,81270,2820,137,March,3
174,2020-03-02 16:01:01+00:00,SQL Basics Tutorial For Beginners | Where Statement | 3/4,83606,1919,67,March,3
175,2020-03-01 17:02:28+00:00,SQL Basics Tutorial For Beginners | Select + From Statements | 2/4,124370,2353,92,March,3
176,2020-03-01 00:50:38+00:00,SQL Basics Tutorial For Beginners | Installing SQL Server Management Studio and Create Tables | 1/4,438148,7289,566,March,3
177,2020-02-26 15:11:22+00:00,Data Analyst Fact Check |  84k Average Starting Salary?? | The Career Force 2020 Data Analyst Salary,23301,803,159,February,2
178,2020-02-24 16:34:51+00:00,Data Analyst Resume | Reviewing YOUR Data Analyst Resumes!,20674,473,43,February,2
179,2020-02-19 15:43:59+00:00,Data Analyst Salary in 2020,7669,149,22,February,2
180,2020-02-14 18:03:34+00:00,Working With a Recruiter to Land Your First Job as a Data Analyst | LinkedIn Recruiters,9924,465,37,February,2
181,2020-02-11 15:03:18+00:00,Switching Careers to Become a Data Analyst | How I Made the Switch,45304,1684,247,February,2
182,2020-02-06 16:00:52+00:00,Data Analyst Resume | Complete Guide To Creating A Data Analyst Resume | Tips + Templates + Examples,90313,2804,85,February,2
183,2020-01-30 14:07:55+00:00,Data Analyst Resume | Reviewing My Resume! | Fortune 500 Data Analyst,58197,1447,64,January,1
184,2020-01-25 16:38:39+00:00,Working at a Big Company Vs Small Company | Told by a Fortune 500 Data Analyst,12629,358,20,January,1
185,2020-01-23 03:16:09+00:00,Data Analyst Salary | 100k with No Experience,54960,1959,219,January,1
186,2020-01-21 03:52:15+00:00,Truth About Big Companies | Told by a Fortune 500 Data Analyst,6838,265,17,January,1
187,2020-01-17 14:31:39+00:00,Top 3 Data Analyst Skills in 2020,25292,1267,137,January,1
